"","location","year","iterations","min_bloom_doy","median_bloom_doy","mean_bloom_doy","max_bloom_doy","predicted_doy"
"1","liestal",2003,NA,NA,NA,NA,NA,91.5260055130227
"2","kyoto",2003,NA,NA,NA,NA,NA,98.4225165216364
"3","washingtondc",2003,NA,NA,NA,NA,NA,91.5405475336848
"4","vancouver",2003,NA,NA,NA,NA,NA,91.2934211533486
"5","liestal",2003,NA,NA,NA,NA,NA,91.5260055130227
"6","kyoto",2003,NA,NA,NA,NA,NA,98.4225165216364
"7","washingtondc",2003,NA,NA,NA,NA,NA,91.5405475336848
"8","vancouver",2003,NA,NA,NA,NA,NA,91.2934211533486
"9","liestal",2004,NA,NA,NA,NA,NA,96.6606375677184
"10","kyoto",2004,NA,NA,NA,NA,NA,93.1960822487354
"11","washingtondc",2004,NA,NA,NA,NA,NA,90.2980717428247
"12","vancouver",2004,NA,NA,NA,NA,NA,89.7594914976843
"13","liestal",2005,NA,NA,NA,NA,NA,97.8215187394407
"14","kyoto",2005,NA,NA,NA,NA,NA,97.2652260668577
"15","washingtondc",2005,NA,NA,NA,NA,NA,95.0738218858443
"16","vancouver",2005,NA,NA,NA,NA,NA,94.0160969309046
"17","liestal",2006,NA,NA,NA,NA,NA,105.978865857163
"18","kyoto",2006,NA,NA,NA,NA,NA,97.7857761750557
"19","washingtondc",2006,NA,NA,NA,NA,NA,87.2443344641886
"20","vancouver",2006,NA,NA,NA,NA,NA,92.1778336580177
"21","liestal",2007,NA,NA,NA,NA,NA,90.9653573121088
"22","kyoto",2007,NA,NA,NA,NA,NA,93.6217715635064
"23","washingtondc",2007,NA,NA,NA,NA,NA,91.5035026753223
"24","vancouver",2007,NA,NA,NA,NA,NA,90.6207900080184
"25","liestal",2008,NA,NA,NA,NA,NA,92.6625333134023
"26","kyoto",2008,NA,NA,NA,NA,NA,94.2817159303771
"27","washingtondc",2008,NA,NA,NA,NA,NA,87.1700422296302
"28","vancouver",2008,NA,NA,NA,NA,NA,92.7490634602593
"29","liestal",2009,NA,NA,NA,NA,NA,99.9224554661536
"30","kyoto",2009,NA,NA,NA,NA,NA,94.386925586711
"31","washingtondc",2009,NA,NA,NA,NA,NA,88.0387529833516
"32","vancouver",2009,NA,NA,NA,NA,NA,95.7610807280279
"33","liestal",2010,NA,NA,NA,NA,NA,98.2220272789241
"34","kyoto",2010,NA,NA,NA,NA,NA,94.5955042721292
"35","washingtondc",2010,NA,NA,NA,NA,NA,88.9207573608045
"36","vancouver",2010,NA,NA,NA,NA,NA,88.7230678987895
"37","liestal",2011,NA,NA,NA,NA,NA,88.5151355376408
"38","kyoto",2011,NA,NA,NA,NA,NA,96.5103125409695
"39","washingtondc",2011,NA,NA,NA,NA,NA,88.1852462888215
"40","vancouver",2011,NA,NA,NA,NA,NA,92.3335654521084
"41","liestal",2012,NA,NA,NA,NA,NA,92.1091362596611
"42","kyoto",2012,NA,NA,NA,NA,NA,99.2154020784703
"43","washingtondc",2012,NA,NA,NA,NA,NA,82.6098081179598
"44","vancouver",2012,NA,NA,NA,NA,NA,95.2818552666363
"45","liestal",2013,NA,NA,NA,NA,NA,105.170274969407
"46","kyoto",2013,NA,NA,NA,NA,NA,93.1919733822594
"47","washingtondc",2013,NA,NA,NA,NA,NA,97.9873547474658
"48","vancouver",2013,NA,NA,NA,NA,NA,91.9229758686421
"49","liestal",2014,NA,NA,NA,NA,NA,85.4403485752829
"50","kyoto",2014,NA,NA,NA,NA,NA,94.138216668245
"51","washingtondc",2014,NA,NA,NA,NA,NA,99.1656501217786
"52","vancouver",2014,NA,NA,NA,NA,NA,92.3781428032169
"53","liestal",2015,NA,NA,NA,NA,NA,99.4609476918871
"54","kyoto",2015,NA,NA,NA,NA,NA,92.0647706253242
"55","washingtondc",2015,NA,NA,NA,NA,NA,99.0064630702835
"56","vancouver",2015,NA,NA,NA,NA,NA,87.5934651390272
"57","kyoto",2016,NA,NA,NA,NA,NA,92.8279206544123
"58","liestal",2016,NA,NA,NA,NA,NA,99.7687172916859
"59","washingtondc",2016,NA,NA,NA,NA,NA,85.7741874901412
"60","vancouver",2016,NA,NA,NA,NA,NA,90.1057466975554
"61","liestal",2017,NA,NA,NA,NA,NA,84.8010953938444
"62","kyoto",2017,NA,NA,NA,NA,NA,97.4370718429565
"63","washingtondc",2017,NA,NA,NA,NA,NA,87.9639521926645
"64","vancouver",2017,NA,NA,NA,NA,NA,92.4279099178089
"65","liestal",2018,NA,NA,NA,NA,NA,103.457445699824
"66","kyoto",2018,NA,NA,NA,NA,NA,92.4030668257794
"67","washingtondc",2018,NA,NA,NA,NA,NA,92.4234194868822
"68","vancouver",2018,NA,NA,NA,NA,NA,92.7978866909175
"69","liestal",2019,NA,NA,NA,NA,NA,86.8311003966552
"70","kyoto",2019,NA,NA,NA,NA,NA,91.9292089854014
"71","washingtondc",2019,NA,NA,NA,NA,NA,93.0789867996391
"72","vancouver",2019,NA,NA,NA,NA,NA,98.045283876971
"73","liestal",2020,NA,NA,NA,NA,NA,85.3702239529566
"74","kyoto",2020,NA,NA,NA,NA,NA,91.0163785133936
"75","washingtondc",2020,NA,NA,NA,NA,NA,82.4077648928831
"76","vancouver",2020,NA,NA,NA,NA,NA,94.5760544695118
"77","liestal",2021,NA,NA,NA,NA,NA,94.6026118438955
"78","kyoto",2021,NA,NA,NA,NA,NA,90.9265940698368
"79","washingtondc",2021,NA,NA,NA,NA,NA,86.1534077091945
"80","vancouver",2021,NA,NA,NA,NA,NA,92.5934917198369
"81","liestal",2022,NA,NA,NA,NA,NA,87.8654070398796
"82","kyoto",2022,NA,NA,NA,NA,NA,92.6880001186722
"83","washingtondc",2022,NA,NA,NA,NA,NA,84.9443424717453
"84","vancouver",2022,NA,NA,NA,NA,NA,91.8585537537067
